{
  "project_info": {
    "project_number": "648462413985",
    "firebase_url": "https://fir-loginapp1-edfed.firebaseio.com",
    "project_id": "fir-loginapp1-edfed",
    "storage_bucket": "fir-loginapp1-edfed.appspot.com"
  },
  "client": [
    {
      "client_info": {
        "mobilesdk_app_id": "1:648462413985:android:68a2d757615a53aa",
        "android_client_info": {
          "package_name": "com.firebaseloginapp1"
        }
      },
      "oauth_client": [
        {
          "client_id": "648462413985-bpi9efcahcgpcdijbdss4hs77e3tm5gu.apps.googleusercontent.com",
          "client_type": 3
        }
      ],
      "api_key": [
        {
          "current_key": "AIzaSyCIi7lSC6n3JnQ-TDin6RgH3YtO22BwJ8E"
        }
      ],
      "services": {
        "analytics_service": {
          "status": 1
        },
        "appinvite_service": {
          "status": 1,
          "other_platform_oauth_client": []
        },
        "ads_service": {
          "status": 2
        }
      }
    }
  ],
  "configuration_version": "1"
}